, ,knapPI_1_1000_1000_1, , ,knapPI_1_100_1000_1, , ,knapPI_1_2000_1000_1, , ,knapPI_1_200_1000_1, , ,knapPI_1_500_1000_1, , ,knapPI_2_1000_1000_1, , ,knapPI_2_100_1000_1, , ,knapPI_2_2000_1000_1, , ,knapPI_2_200_1000_1, , ,knapPI_2_500_1000_1, , ,knapPI_3_1000_1000_1, , ,knapPI_3_100_1000_1, , ,knapPI_3_2000_1000_1, , ,knapPI_3_200_1000_1, , ,knapPI_3_500_1000_1, , 
experiment ,best, avg. , RPD,best, avg. , RPD,best, avg. , RPD,best, avg. , RPD,best, avg. , RPD,best, avg. , RPD,best, avg. , RPD,best, avg. , RPD,best, avg. , RPD,best, avg. , RPD,best, avg. , RPD,best, avg. , RPD,best, avg. , RPD,best, avg. , RPD,best, avg. , RPD 
GWO S2-STD,53838.0,53373.613,1.22,9147.0,9147.0,0.0,106338.0,104652.935,3.875,11238.0,11238.0,0.0,28857.0,28834.774,0.0,9030.0,9010.29,0.243,1512.0,1512.0,0.132,17818.0,17725.677,1.291,1634.0,1634.0,0.0,4566.0,4561.29,0.0,14189.0,14101.645,1.397,2397.0,2397.0,0.0,27910.0,27679.806,3.489,2697.0,2697.0,0.0,7117.0,7112.129,0.0 
GWO S2-STD_LOG,52617.0,52172.355,3.46,9147.0,9147.0,0.0,103254.0,101973.0,6.663,11238.0,11238.0,0.0,28834.0,28689.065,0.08,8997.0,8965.71,0.608,1512.0,1512.0,0.132,17640.0,17548.258,2.277,1634.0,1634.0,0.0,4566.0,4557.355,0.0,13988.0,13904.226,2.794,2397.0,2397.0,0.0,27315.0,27116.548,5.547,2697.0,2697.0,0.0,7017.0,7016.935,1.405 
GWO S2-STD_PIECE,53702.0,53227.484,1.47,9147.0,9147.0,0.0,105308.0,104361.613,4.806,11238.0,11238.0,0.0,28857.0,28831.258,0.0,9033.0,9011.419,0.21,1512.0,1512.0,0.132,17778.0,17704.645,1.512,1634.0,1634.0,0.0,4566.0,4566.0,0.0,14189.0,14101.613,1.397,2397.0,2397.0,0.0,27811.0,27652.323,3.831,2697.0,2697.0,0.0,7117.0,7104.71,0.0 
GWO S2-STD_SINE,53673.0,52915.032,1.523,9147.0,9147.0,0.0,104502.0,103313.387,5.535,11238.0,11238.0,0.0,28857.0,28758.323,0.0,9029.0,8991.516,0.254,1512.0,1512.0,0.132,17706.0,17648.097,1.911,1634.0,1634.0,0.0,4566.0,4566.0,0.0,14187.0,14067.839,1.411,2397.0,2397.0,0.0,27616.0,27408.871,4.506,2697.0,2697.0,0.0,7117.0,7062.871,0.0 
GWO S2-STD_SINGER,49162.0,48070.29,9.799,9147.0,9147.0,0.0,94623.0,91299.226,14.465,11238.0,11238.0,0.0,28328.0,27587.419,1.833,8888.0,8778.581,1.812,1512.0,1512.0,0.132,17081.0,16891.935,5.374,1634.0,1633.935,0.0,4544.0,4516.774,0.482,13387.0,13219.484,6.97,2397.0,2397.0,0.0,25815.0,25341.323,10.733,2697.0,2697.0,0.0,6914.0,6824.548,2.852 
GWO S2-STD_SINU,48934.0,46859.129,10.218,9147.0,9147.0,0.0,95130.0,90711.0,14.007,11238.0,11238.0,0.0,27513.0,26267.645,4.657,8738.0,8594.29,3.469,1512.0,1512.0,0.132,16932.0,16712.71,6.199,1634.0,1633.355,0.0,4534.0,4460.935,0.701,13381.0,13052.452,7.012,2397.0,2397.0,0.0,25818.0,25276.29,10.723,2697.0,2697.0,0.0,6816.0,6664.065,4.229 
GWO S2-STD_TENT,53760.0,53386.548,1.363,9147.0,9147.0,0.0,106008.0,105053.065,4.174,11238.0,11238.0,0.0,28857.0,28829.548,0.0,9032.0,9006.065,0.221,1512.0,1512.0,0.132,17787.0,17711.032,1.463,1634.0,1634.0,0.0,4566.0,4561.968,0.0,14188.0,14118.032,1.404,2397.0,2397.0,0.0,28112.0,27790.548,2.791,2697.0,2697.0,0.0,7117.0,7108.29,0.0 
GWO S2-STD_CIRCLE,54264.0,54064.484,0.439,9147.0,9147.0,0.0,108462.0,108065.452,1.955,11238.0,11238.0,0.0,28857.0,28850.323,0.0,9028.0,9011.258,0.265,1512.0,1512.0,0.132,17970.0,17923.355,0.449,1634.0,1632.968,0.0,4557.0,4551.258,0.197,14290.0,14288.0,0.695,2397.0,2396.097,0.0,28419.0,28334.065,1.729,2697.0,2697.0,0.0,7117.0,7117.0,0.0 
GWO S2-COM,49922.0,47741.871,8.405,9147.0,9147.0,0.0,94380.0,90898.935,14.685,11238.0,11237.645,0.0,28132.0,27365.097,2.512,8764.0,8702.226,3.182,1512.0,1512.0,0.132,16945.0,16804.742,6.127,1634.0,1634.0,0.0,4554.0,4503.226,0.263,13383.0,13128.71,6.998,2397.0,2396.968,0.0,25818.0,25310.355,10.723,2697.0,2696.774,0.0,6915.0,6767.806,2.838 
GWO S2-COM_LOG,50637.0,47340.677,7.093,9147.0,9147.0,0.0,95370.0,91262.032,13.79,11238.0,11233.129,0.0,27389.0,26985.839,5.087,8826.0,8672.258,2.497,1512.0,1512.0,0.132,17215.0,16740.581,4.631,1634.0,1634.0,0.0,4514.0,4478.548,1.139,13485.0,13076.613,6.289,2397.0,2396.516,0.0,25618.0,25276.065,11.415,2697.0,2696.645,0.0,6909.0,6734.871,2.923 
GWO S2-COM_PIECE,49765.0,47890.452,8.693,9147.0,9147.0,0.0,nan,nan,nan,11238.0,11232.548,0.0,28272.0,27334.839,2.027,8822.0,8697.29,2.541,1512.0,1512.0,0.132,17048.0,16787.903,5.556,1634.0,1634.0,0.0,4520.0,4497.387,1.007,13386.0,13154.032,6.977,2397.0,2396.935,0.0,26004.0,25338.065,10.08,2697.0,2696.871,0.0,6909.0,6787.419,2.923 
GWO S2-COM_SINE,49002.0,47232.645,10.093,9147.0,9147.0,0.0,93710.0,90704.839,15.29,11238.0,11236.581,0.0,28164.0,27289.774,2.401,8797.0,8681.774,2.817,1512.0,1512.0,0.132,17033.0,16798.935,5.64,1634.0,1633.935,0.0,4541.0,4491.871,0.548,13481.0,13126.613,6.317,2397.0,2396.71,0.0,25909.0,25381.742,10.408,2697.0,2696.871,0.0,6915.0,6774.0,2.838 
GWO S2-COM_SINGER,49632.0,46531.935,8.937,9147.0,9147.0,0.0,93587.0,90654.323,15.402,11238.0,11201.903,0.0,27045.0,26142.387,6.279,8765.0,8619.419,3.171,1512.0,1512.0,0.132,17051.0,16712.903,5.54,1634.0,1633.097,0.0,4503.0,4439.516,1.38,13383.0,13052.968,6.998,2397.0,2395.29,0.0,25616.0,25264.645,11.422,2697.0,2692.323,0.0,6817.0,6462.927,4.215 
GWO S2-COM_SINU,48900.0,46937.065,10.28,9147.0,9147.0,0.0,93509.0,90323.065,15.472,11238.0,11232.677,0.0,27483.0,26101.355,4.761,8699.0,8586.387,3.9,1512.0,1512.0,0.132,17041.0,16731.677,5.595,1634.0,1630.323,0.0,4492.0,4410.032,1.621,13467.0,13030.161,6.414,2397.0,2397.0,0.0,26014.0,25318.71,10.045,2697.0,2694.323,0.0,6815.0,6659.613,4.243 
GWO S2-COM_TENT,49271.0,47830.839,9.599,9147.0,9147.0,0.0,95343.0,90914.774,13.814,11238.0,11236.935,0.0,28320.0,27390.968,1.861,8806.0,8716.194,2.718,1512.0,1512.0,0.132,17029.0,16802.548,5.662,1634.0,1633.935,0.0,4528.0,4496.516,0.832,13283.0,13102.323,7.693,2397.0,2396.903,0.0,26113.0,25271.71,9.703,2697.0,2696.935,0.0,6915.0,6787.0,2.838 
GWO S2-COM_CIRCLE,50789.0,50053.581,6.814,9147.0,9147.0,0.0,93994.0,91883.742,15.034,11238.0,11228.774,0.0,27999.0,27297.935,2.973,8869.0,8802.742,2.022,1512.0,1512.0,0.132,17005.0,16776.258,5.795,1634.0,1633.194,0.0,4537.0,4506.871,0.635,13789.0,13630.0,4.177,2397.0,2396.29,0.0,25818.0,25363.129,10.723,2697.0,2697.0,0.0,7013.0,6937.355,1.461 
GWO S2-ELIT,49583.0,46430.839,9.027,9147.0,8903.355,0.0,94037.0,90814.613,14.995,11227.0,10938.839,0.098,27516.0,26179.677,4.647,8731.0,8572.323,3.546,1512.0,1500.742,0.132,16933.0,16668.71,6.194,1634.0,1618.452,0.0,4492.0,4406.71,1.621,13284.0,13036.613,7.686,2396.0,2314.71,0.042,25619.0,25241.484,11.411,2695.0,2637.355,0.074,6916.0,6707.613,2.824 
GWO S2-ELIT_LOG,48212.0,46662.355,11.542,9147.0,8907.677,0.0,93222.0,90393.161,15.732,11227.0,10836.935,0.098,27952.0,26336.645,3.136,8767.0,8590.935,3.148,1512.0,1502.032,0.132,16984.0,16719.742,5.911,1634.0,1620.484,0.0,4495.0,4415.484,1.555,13386.0,13057.871,6.977,2397.0,2306.968,0.0,26111.0,25367.677,9.71,2697.0,2640.065,0.0,6812.0,6687.968,4.286 
GWO S2-ELIT_PIECE,49049.0,46628.677,10.007,9147.0,8910.161,0.0,95236.0,90678.806,13.911,11238.0,10882.0,0.0,27624.0,26220.355,4.273,8789.0,8587.355,2.905,1512.0,1499.581,0.132,17164.0,16792.129,4.914,1633.0,1617.871,0.061,4503.0,4409.129,1.38,13178.0,13008.161,8.423,2397.0,2330.419,0.0,25806.0,25369.774,10.765,2697.0,2650.581,0.0,6805.0,6648.258,4.384 
GWO S2-ELIT_SINE,48975.0,46480.968,10.143,9147.0,8913.871,0.0,94328.0,91036.806,14.732,11238.0,10855.935,0.0,27473.0,26107.548,4.796,8727.0,8574.194,3.59,1512.0,1499.71,0.132,17000.0,16718.613,5.822,1634.0,1623.387,0.0,4530.0,4416.065,0.788,13290.0,13011.452,7.644,2390.0,2317.355,0.292,26216.0,25342.806,9.347,2697.0,2637.516,0.0,6811.0,6658.258,4.3 
GWO S2-ELIT_SINGER,49107.0,46625.387,9.9,9147.0,8868.968,0.0,92560.0,90297.355,16.33,11227.0,10878.613,0.098,27238.0,25954.613,5.61,8752.0,8591.839,3.314,1512.0,1501.065,0.132,16954.0,16709.871,6.077,1634.0,1614.032,0.0,4532.0,4402.0,0.745,13284.0,13027.484,7.686,2396.0,2312.677,0.042,25619.0,25271.71,11.411,2697.0,2637.806,0.0,6815.0,6678.548,4.243 
GWO S2-ELIT_SINU,48424.0,46412.774,11.154,9147.0,8933.355,0.0,93540.0,90357.613,15.444,11238.0,10889.871,0.0,26995.0,26075.935,6.453,8795.0,8581.29,2.839,1512.0,1501.0,0.132,17129.0,16735.097,5.108,1634.0,1619.323,0.0,4486.0,4388.645,1.752,13482.0,13062.613,6.31,2396.0,2305.839,0.042,25817.0,25296.935,10.727,2696.0,2639.581,0.037,6889.0,6661.161,3.204 
GWO S2-ELIT_TENT,49590.0,46663.806,9.014,9147.0,8922.194,0.0,93337.0,90308.484,15.628,11227.0,10854.161,0.098,27007.0,25860.194,6.411,8753.0,8597.032,3.303,1512.0,1496.29,0.132,17059.0,16700.226,5.496,1634.0,1615.645,0.0,4500.0,4397.452,1.445,13285.0,12979.323,7.679,2390.0,2308.968,0.292,25714.0,25245.452,11.083,2697.0,2637.935,0.0,6812.0,6653.29,4.286 
GWO S2-ELIT_CIRCLE,48220.0,46387.839,11.528,9147.0,8914.226,0.0,93257.0,90411.548,15.7,11238.0,10870.516,0.0,26947.0,25897.935,6.619,8721.0,8580.774,3.657,1512.0,1501.032,0.132,16992.0,16732.355,5.867,1634.0,1618.871,0.0,4482.0,4409.484,1.84,13384.0,12997.484,6.991,2397.0,2300.452,0.0,25916.0,25247.839,10.384,2697.0,2650.129,0.0,6814.0,6676.903,4.257 
WOA S2-STD,54485.0,54352.774,0.033,9147.0,9147.0,0.0,109623.0,108875.903,0.906,11238.0,11238.0,0.0,28857.0,28856.258,0.0,9051.0,9050.0,0.011,1512.0,1512.0,0.132,18027.0,17969.613,0.133,1634.0,1634.0,0.0,4566.0,4565.484,0.0,14390.0,14329.871,0.0,2397.0,2397.0,0.0,28809.0,28617.29,0.38,2697.0,2697.0,0.0,7117.0,7117.0,0.0 
WOA S2-STD_LOG,54205.0,53928.097,0.547,9147.0,9147.0,0.0,108467.0,106985.742,1.951,11238.0,11238.0,0.0,28857.0,28845.871,0.0,9048.0,9031.484,0.044,1512.0,1512.0,0.132,17960.0,17877.871,0.504,1634.0,1634.0,0.0,4566.0,4565.613,0.0,14290.0,14235.903,0.695,2397.0,2397.0,0.0,28319.0,28210.032,2.075,2697.0,2697.0,0.0,7117.0,7116.903,0.0 
WOA S2-STD_PIECE,54503.0,54370.194,0.0,9147.0,9147.0,0.0,109791.0,105507.292,0.754,11238.0,11238.0,0.0,28857.0,28856.258,0.0,9051.0,9049.323,0.011,1512.0,1512.0,0.132,18022.0,17971.806,0.161,1634.0,1634.0,0.0,4566.0,4566.0,0.0,14389.0,14326.258,0.007,2397.0,2397.0,0.0,28713.0,28583.806,0.712,2697.0,2697.0,0.0,7117.0,7117.0,0.0 
WOA S2-STD_SINE,54503.0,54118.871,0.0,9147.0,9147.0,0.0,108598.0,107846.419,1.832,11238.0,11238.0,0.0,28857.0,28849.581,0.0,9051.0,9043.387,0.011,1512.0,1512.0,0.132,17981.0,17905.161,0.388,1634.0,1634.0,0.0,4566.0,4565.548,0.0,14290.0,14280.29,0.695,2397.0,2397.0,0.0,28519.0,28376.161,1.383,2697.0,2697.0,0.0,7117.0,7117.0,0.0 
WOA S2-STD_SINGER,53458.0,52809.032,1.917,9147.0,9147.0,0.0,104903.0,103691.387,5.172,11238.0,11238.0,0.0,28857.0,28759.29,0.0,9027.0,8989.645,0.276,1512.0,1512.0,0.132,17774.0,17658.903,1.535,1634.0,1634.0,0.0,4566.0,4557.774,0.0,14186.0,14053.226,1.418,2397.0,2397.0,0.0,27808.0,27553.613,3.842,2697.0,2697.0,0.0,7117.0,7051.226,0.0 
WOA S2-STD_SINU,52687.0,52146.323,3.332,9147.0,9147.0,0.0,103389.0,100545.613,6.541,11238.0,11238.0,0.0,28857.0,28674.71,0.0,9006.0,8968.806,0.508,1513.0,1512.097,0.066,17626.0,17501.968,2.354,1634.0,1634.0,0.0,4566.0,4560.839,0.0,13989.0,13873.645,2.787,2397.0,2397.0,0.0,27416.0,26964.774,5.197,2697.0,2697.0,0.0,7117.0,7023.032,0.0 
WOA S2-STD_TENT,54503.0,54371.0,0.0,9147.0,9147.0,0.0,109959.0,109113.226,0.602,11238.0,11238.0,0.0,28857.0,28853.29,0.0,9051.0,9049.774,0.011,1512.0,1512.0,0.132,18009.0,17968.452,0.233,1634.0,1634.0,0.0,4566.0,4566.0,0.0,14390.0,14311.806,0.0,2397.0,2397.0,0.0,28719.0,28603.677,0.692,2697.0,2697.0,0.0,7117.0,7117.0,0.0 
WOA S2-STD_CIRCLE,54481.0,54475.355,0.04,9147.0,9147.0,0.0,110555.0,110214.419,0.063,11238.0,11238.0,0.0,28857.0,28834.742,0.0,9051.0,9049.839,0.011,1512.0,1512.0,0.132,18040.0,18027.323,0.061,1634.0,1634.0,0.0,4552.0,4551.29,0.307,14390.0,14389.613,0.0,2396.0,2396.0,0.042,28916.0,28830.774,0.01,2697.0,2697.0,0.0,7117.0,7117.0,0.0 
WOA S2-COM,49135.0,48006.0,9.849,9147.0,9147.0,0.0,95052.0,91784.613,14.077,11238.0,11236.935,0.0,28076.0,27386.677,2.706,8893.0,8746.484,1.757,1512.0,1512.0,0.132,16984.0,16814.29,5.911,1634.0,1634.0,0.0,4555.0,4507.968,0.241,13469.0,13161.645,6.4,2397.0,2396.968,0.0,25916.0,25383.806,10.384,2697.0,2697.0,0.0,6913.0,6790.355,2.866 
WOA S2-COM_LOG,48767.0,47592.226,10.524,9147.0,9147.0,0.0,92635.0,90981.419,16.262,11238.0,11235.871,0.0,27788.0,27144.065,3.704,8826.0,8701.516,2.497,1512.0,1512.0,0.132,17062.0,16795.645,5.479,1634.0,1634.0,0.0,4549.0,4491.581,0.372,13290.0,13084.032,7.644,2397.0,2396.903,0.0,25811.0,25221.323,10.747,2697.0,2696.871,0.0,6912.0,6755.129,2.88 
WOA S2-COM_PIECE,49832.0,47974.226,8.57,9147.0,9147.0,0.0,94761.0,91531.484,14.34,11238.0,11236.226,0.0,28108.0,27405.774,2.596,8810.0,8745.871,2.673,1512.0,1512.0,0.132,17279.0,16832.194,4.277,1634.0,1634.0,0.0,4529.0,4500.387,0.81,13489.0,13176.032,6.261,2397.0,2396.968,0.0,25718.0,25318.677,11.069,2697.0,2696.968,0.0,6917.0,6804.839,2.81 
WOA S2-COM_SINE,49312.0,47966.194,9.524,9147.0,9147.0,0.0,94146.0,91178.806,14.896,11238.0,11236.097,0.0,27953.0,27397.419,3.133,8790.0,8716.516,2.894,1512.0,1512.0,0.132,17068.0,16805.871,5.446,1634.0,1634.0,0.0,4533.0,4501.452,0.723,13486.0,13178.161,6.282,2397.0,2396.935,0.0,25906.0,25271.258,10.419,2697.0,2696.871,0.0,6900.0,6788.355,3.049 
WOA S2-COM_SINGER,50170.0,46691.161,7.95,9147.0,9147.0,0.0,95646.0,90601.161,13.54,11238.0,11233.484,0.0,27972.0,26589.097,3.067,8758.0,8609.71,3.248,1512.0,1512.0,0.132,17031.0,16735.548,5.651,1634.0,1633.516,0.0,4513.0,4458.452,1.161,13375.0,13009.419,7.054,2397.0,2396.935,0.0,25811.0,25342.323,10.747,2697.0,2696.032,0.0,6908.0,6699.258,2.937 
WOA S2-COM_SINU,49464.0,46881.032,9.245,9147.0,9147.0,0.0,96128.0,90695.226,13.105,11238.0,11236.581,0.0,27347.0,26271.161,5.233,8830.0,8558.516,2.452,1512.0,1509.871,0.132,17133.0,16728.935,5.086,1634.0,1629.71,0.0,4525.0,4452.161,0.898,13282.0,13046.548,7.7,2397.0,2397.0,0.0,26015.0,25274.387,10.042,2697.0,2696.645,0.0,6817.0,6677.484,4.215 
WOA S2-COM_TENT,49743.0,48183.645,8.733,9147.0,9147.0,0.0,95027.0,91353.129,14.1,11238.0,11237.645,0.0,28173.0,27497.774,2.37,8944.0,8746.258,1.193,1512.0,1512.0,0.132,17092.0,16850.774,5.313,1634.0,1634.0,0.0,4555.0,4507.581,0.241,13366.0,13131.194,7.116,2397.0,2396.968,0.0,25715.0,25332.645,11.079,2697.0,2697.0,0.0,6901.0,6788.194,3.035 
WOA S2-COM_CIRCLE,50372.0,49047.355,7.579,9147.0,9147.0,0.0,95741.0,92354.161,13.454,11238.0,11233.742,0.0,28247.0,27596.935,2.114,8879.0,8778.226,1.911,1512.0,1512.0,0.132,17083.0,16874.71,5.363,1634.0,1633.548,0.0,4551.0,4507.581,0.329,13985.0,13426.806,2.814,2397.0,2396.968,0.0,25815.0,25367.129,10.733,2697.0,2697.0,0.0,6998.0,6816.0,1.672 
WOA S2-ELIT,48421.0,46461.742,11.159,9147.0,8855.355,0.0,93971.0,90895.742,15.054,11238.0,10900.387,0.0,27670.0,26169.129,4.113,8720.0,8592.29,3.668,1512.0,1499.548,0.132,16969.0,16727.032,5.994,1634.0,1617.065,0.0,4509.0,4402.355,1.248,13385.0,12983.839,6.984,2396.0,2313.226,0.042,26418.0,25331.742,8.648,2697.0,2657.032,0.0,6904.0,6681.935,2.993 
WOA S2-ELIT_LOG,48497.0,46619.903,11.02,9147.0,8930.355,0.0,94071.0,90695.968,14.964,11238.0,10874.161,0.0,28187.0,26043.774,2.322,8677.0,8571.258,4.143,1512.0,1498.484,0.132,16990.0,16759.129,5.878,1633.0,1615.129,0.061,4526.0,4418.613,0.876,13482.0,13058.968,6.31,2390.0,2322.226,0.292,25809.0,25297.194,10.754,2694.0,2626.774,0.111,6908.0,6671.097,2.937 
WOA S2-ELIT_PIECE,49052.0,46461.161,10.001,9147.0,8971.774,0.0,94861.0,90753.613,14.25,11238.0,10862.226,0.0,27241.0,25960.355,5.6,8748.0,8592.935,3.358,1512.0,1495.161,0.132,17039.0,16728.516,5.606,1634.0,1617.161,0.0,4472.0,4400.323,2.059,13283.0,13043.839,7.693,2396.0,2312.387,0.042,25818.0,25361.548,10.723,2697.0,2639.0,0.0,6816.0,6660.097,4.229 
WOA S2-ELIT_SINE,48976.0,46446.516,10.141,9147.0,8925.742,0.0,93616.0,90590.871,15.375,11227.0,10839.29,0.098,27318.0,25972.29,5.333,8734.0,8589.516,3.513,1512.0,1499.161,0.132,17009.0,16753.613,5.773,1634.0,1617.323,0.0,4507.0,4398.548,1.292,13284.0,13009.484,7.686,2396.0,2309.226,0.042,26011.0,25300.258,10.056,2697.0,2642.065,0.0,7016.0,6664.806,1.419 
WOA S2-ELIT_SINGER,49767.0,46828.258,8.689,9147.0,8886.419,0.0,95689.0,90577.935,13.501,11238.0,10919.548,0.0,27655.0,25919.452,4.165,8737.0,8577.903,3.48,1512.0,1498.516,0.132,16957.0,16700.935,6.061,1633.0,1616.935,0.061,4535.0,4414.355,0.679,13289.0,12997.258,7.651,2397.0,2313.194,0.0,26010.0,25305.419,10.059,2697.0,2659.355,0.0,6815.0,6666.581,4.243 
WOA S2-ELIT_SINU,47838.0,46475.677,12.229,9147.0,8912.452,0.0,93962.0,90689.613,15.063,11223.0,10896.516,0.133,27717.0,26085.613,3.951,8732.0,8570.419,3.535,1512.0,1498.161,0.132,17135.0,16696.968,5.075,1634.0,1613.613,0.0,4486.0,4399.161,1.752,13484.0,13036.645,6.296,2397.0,2306.839,0.0,25611.0,25230.226,11.439,2697.0,2648.387,0.0,6808.0,6666.968,4.342 
WOA S2-ELIT_TENT,49784.0,47014.29,8.658,9147.0,8876.065,0.0,94309.0,90461.419,14.749,11238.0,10782.806,0.0,27442.0,26103.839,4.903,8802.0,8590.774,2.762,1512.0,1495.903,0.132,16990.0,16707.387,5.878,1634.0,1617.0,0.0,4508.0,4410.71,1.27,13482.0,13055.194,6.31,2390.0,2326.903,0.292,25910.0,25360.452,10.405,2697.0,2658.355,0.0,6908.0,6653.355,2.937 
WOA S2-ELIT_CIRCLE,49289.0,46553.29,9.566,9147.0,8863.613,0.0,93525.0,90443.548,15.458,11227.0,10790.129,0.098,27296.0,26013.194,5.409,8780.0,8597.194,3.005,1512.0,1497.645,0.132,17124.0,16765.419,5.135,1634.0,1621.032,0.0,4473.0,4402.774,2.037,13380.0,13045.323,7.019,2397.0,2305.677,0.0,26013.0,25284.032,10.049,2695.0,2628.258,0.074,6914.0,6663.935,2.852 
SCA S2-STD,53681.0,52958.129,1.508,9147.0,9147.0,0.0,105363.0,103724.323,4.757,11238.0,11238.0,0.0,28857.0,28772.323,0.0,9045.0,8989.871,0.077,1512.0,1512.0,0.132,17794.0,17663.065,1.424,1634.0,1634.0,0.0,4566.0,4558.548,0.0,14090.0,14039.097,2.085,2397.0,2397.0,0.0,27716.0,27517.065,4.16,2697.0,2697.0,0.0,7116.0,7069.935,0.014 
SCA S2-STD_LOG,52931.0,51803.355,2.884,9147.0,9147.0,0.0,102554.0,101476.903,7.296,11238.0,11238.0,0.0,28764.0,28625.194,0.322,9001.0,8947.581,0.563,1512.0,1512.0,0.132,17643.0,17506.129,2.26,1634.0,1634.0,0.0,4566.0,4554.129,0.0,13990.0,13867.774,2.78,2397.0,2397.0,0.0,27214.0,26996.968,5.896,2697.0,2697.0,0.0,7017.0,7016.355,1.405 
SCA S2-STD_PIECE,53662.0,52702.71,1.543,9147.0,9147.0,0.0,105728.0,103444.581,4.427,11238.0,11238.0,0.0,28834.0,28791.613,0.08,9030.0,8988.258,0.243,1512.0,1512.0,0.132,17757.0,17658.323,1.629,1634.0,1634.0,0.0,4566.0,4560.484,0.0,14090.0,14030.516,2.085,2397.0,2397.0,0.0,27619.0,27488.613,4.495,2697.0,2697.0,0.0,7116.0,7058.968,0.014 
SCA S2-STD_SINE,53318.0,52691.935,2.174,9147.0,9147.0,0.0,103910.0,102593.613,6.07,11238.0,11238.0,0.0,28857.0,28706.935,0.0,9013.0,8987.806,0.431,1512.0,1512.0,0.132,17736.0,17631.355,1.745,1634.0,1634.0,0.0,4566.0,4566.0,0.0,14087.0,13987.065,2.106,2397.0,2397.0,0.0,27418.0,27308.677,5.19,2697.0,2697.0,0.0,7116.0,7025.645,0.014 
SCA S2-STD_SINGER,49265.0,47890.0,9.61,9147.0,9147.0,0.0,95257.0,90910.032,13.892,11238.0,11237.645,0.0,28182.0,27467.387,2.339,8827.0,8744.71,2.486,1512.0,1512.0,0.132,17005.0,16811.968,5.795,1634.0,1634.0,0.0,4551.0,4507.968,0.329,13467.0,13186.645,6.414,2397.0,2397.0,0.0,25618.0,25265.516,11.415,2697.0,2697.0,0.0,6915.0,6815.968,2.838 
SCA S2-STD_SINU,48741.0,46592.0,10.572,9147.0,9147.0,0.0,95017.0,91056.871,14.109,11238.0,11237.29,0.0,27261.0,26158.355,5.531,8729.0,8589.258,3.568,1513.0,1512.032,0.066,17111.0,16776.548,5.207,1634.0,1631.419,0.0,4501.0,4437.484,1.424,13286.0,13046.0,7.672,2397.0,2397.0,0.0,26012.0,25404.613,10.052,2697.0,2696.677,0.0,6815.0,6658.032,4.243 
SCA S2-STD_TENT,53416.0,52875.29,1.994,9147.0,9147.0,0.0,106046.0,104096.097,4.139,11238.0,11238.0,0.0,28857.0,28793.935,0.0,9028.0,8988.226,0.265,1512.0,1512.0,0.132,17773.0,17651.452,1.54,1634.0,1634.0,0.0,4566.0,4561.355,0.0,14187.0,14056.677,1.411,2397.0,2397.0,0.0,27814.0,27548.613,3.821,2697.0,2697.0,0.0,7117.0,7087.71,0.0 
SCA S2-STD_CIRCLE,54234.0,54057.452,0.494,9147.0,9147.0,0.0,108845.0,108422.226,1.609,11238.0,11238.0,0.0,28857.0,28855.516,0.0,9030.0,9013.968,0.243,1512.0,1512.0,0.132,17974.0,17939.097,0.427,1634.0,1634.0,0.0,4566.0,4554.613,0.0,14290.0,14285.226,0.695,2397.0,2396.097,0.0,28518.0,28371.161,1.387,2697.0,2697.0,0.0,7117.0,7117.0,0.0 
SCA S2-COM,49110.0,46767.677,9.895,9147.0,9147.0,0.0,94027.0,90608.0,15.004,11238.0,11217.71,0.0,27534.0,26586.032,4.585,8718.0,8611.258,3.69,1512.0,1512.0,0.132,17009.0,16747.903,5.773,1634.0,1633.548,0.0,4505.0,4454.323,1.336,13388.0,13052.645,6.963,2397.0,2395.387,0.0,25908.0,25323.065,10.412,2697.0,2695.484,0.0,6814.0,6672.742,4.257 
SCA S2-COM_LOG,48051.0,46850.258,11.838,9147.0,9147.0,0.0,95094.0,90690.839,14.039,11238.0,11212.742,0.0,26993.0,26440.452,6.459,8837.0,8614.419,2.375,1512.0,1512.0,0.132,16964.0,16711.581,6.022,1634.0,1633.258,0.0,4499.0,4456.452,1.467,13384.0,13069.774,6.991,2397.0,2393.968,0.0,25917.0,25344.71,10.381,2697.0,2695.871,0.0,6815.0,6692.516,4.243 
SCA S2-COM_PIECE,48216.0,46511.387,11.535,9147.0,9147.0,0.0,94640.0,90199.355,14.45,11238.0,11217.71,0.0,27409.0,26451.419,5.018,8712.0,8603.774,3.756,1512.0,1512.0,0.132,16946.0,16682.645,6.122,1634.0,1633.806,0.0,4512.0,4451.871,1.183,13276.0,13000.548,7.741,2397.0,2392.677,0.0,26211.0,25345.065,9.364,2697.0,2695.226,0.0,6817.0,6675.806,4.215 
SCA S2-COM_SINE,48435.0,46890.097,11.133,9147.0,9147.0,0.0,95557.0,90575.968,13.621,11238.0,11231.613,0.0,27353.0,26598.194,5.212,8784.0,8630.032,2.961,1512.0,1512.0,0.132,16982.0,16704.258,5.922,1634.0,1633.742,0.0,4517.0,4455.387,1.073,13383.0,13054.065,6.998,2397.0,2395.226,0.0,26014.0,25301.161,10.045,2697.0,2695.774,0.0,6817.0,6708.0,4.215 
SCA S2-COM_SINGER,48477.0,46364.194,11.056,9147.0,9147.0,0.0,94604.0,90331.581,14.482,11238.0,11120.194,0.0,27610.0,26059.645,4.321,8759.0,8601.065,3.237,1512.0,1512.0,0.132,16906.0,16694.161,6.343,1634.0,1632.484,0.0,4497.0,4413.29,1.511,13490.0,13031.903,6.254,2397.0,2381.129,0.0,26314.0,25326.645,9.008,2697.0,2656.516,0.0,6806.0,6657.226,4.37 
SCA S2-COM_SINU,47996.0,46647.258,11.939,9147.0,9147.0,0.0,94238.0,90794.581,14.813,11238.0,11231.613,0.0,27051.0,26021.871,6.258,8815.0,8588.613,2.618,1512.0,1501.935,0.132,16980.0,16732.581,5.933,1634.0,1628.032,0.0,4459.0,4394.161,2.343,13377.0,13040.097,7.04,2397.0,2397.0,0.0,26004.0,25329.581,10.08,2697.0,2693.645,0.0,6817.0,6663.935,4.215 
SCA S2-COM_TENT,48867.0,46575.839,10.341,9147.0,9147.0,0.0,95329.0,90429.548,13.827,11238.0,11226.548,0.0,27446.0,26551.226,4.89,8769.0,8616.032,3.126,1512.0,1512.0,0.132,16965.0,16707.903,6.016,1634.0,1633.452,0.0,4537.0,4455.71,0.635,13390.0,13008.29,6.949,2397.0,2395.548,0.0,25705.0,25348.677,11.114,2697.0,2695.387,0.0,6816.0,6699.194,4.229 
SCA S2-COM_CIRCLE,48510.0,47243.968,10.996,9147.0,9147.0,0.0,93304.0,90315.484,15.657,11238.0,11137.839,0.0,27201.0,26517.323,5.739,8753.0,8654.065,3.303,1512.0,1512.0,0.132,16954.0,16701.032,6.077,1634.0,1630.613,0.0,4507.0,4442.065,1.292,13287.0,13034.613,7.665,2397.0,2393.677,0.0,25714.0,25337.935,11.083,2697.0,2693.387,0.0,6913.0,6699.226,2.866 
SCA S2-ELIT,48700.0,46472.032,10.647,9147.0,8815.935,0.0,93627.0,90490.226,15.365,11238.0,10875.645,0.0,27088.0,26168.129,6.13,8684.0,8579.0,4.065,1512.0,1499.065,0.132,17042.0,16727.0,5.59,1627.0,1615.903,0.428,4509.0,4402.129,1.248,13378.0,13041.419,7.033,2390.0,2301.742,0.292,25819.0,25238.839,10.72,2697.0,2660.226,0.0,6916.0,6664.0,2.824 
SCA S2-ELIT_LOG,49297.0,46567.968,9.552,9147.0,8898.839,0.0,94817.0,90709.839,14.29,11227.0,10865.968,0.098,27540.0,26029.226,4.564,8752.0,8601.355,3.314,1512.0,1500.452,0.132,17005.0,16725.839,5.795,1634.0,1616.839,0.0,4504.0,4414.387,1.358,13478.0,13063.097,6.338,2396.0,2316.452,0.042,25914.0,25278.226,10.391,2697.0,2643.903,0.0,6816.0,6684.484,4.229 
SCA S2-ELIT_PIECE,48445.0,46666.29,11.115,9147.0,8938.839,0.0,94780.0,91059.161,14.323,11238.0,10837.29,0.0,27207.0,26009.161,5.718,8756.0,8594.484,3.27,1512.0,1493.516,0.132,16950.0,16734.0,6.099,1634.0,1621.516,0.0,4515.0,4410.29,1.117,13287.0,13029.839,7.665,2396.0,2319.29,0.042,25719.0,25284.065,11.065,2695.0,2659.258,0.074,6813.0,6661.258,4.271 
SCA S2-ELIT_SINE,48313.0,46879.742,11.357,9147.0,8889.323,0.0,95798.0,90960.581,13.403,11238.0,10874.677,0.0,27046.0,25994.484,6.276,8746.0,8597.0,3.38,1512.0,1498.258,0.132,17063.0,16706.323,5.473,1634.0,1618.323,0.0,4514.0,4409.032,1.139,13286.0,13014.065,7.672,2397.0,2311.419,0.0,25705.0,25235.161,11.114,2697.0,2633.581,0.0,6815.0,6675.387,4.243 
SCA S2-ELIT_SINGER,48866.0,46692.613,10.343,9147.0,8904.613,0.0,95383.0,90819.161,13.778,11238.0,10952.065,0.0,26614.0,25867.839,7.773,8798.0,8596.032,2.806,1512.0,1498.387,0.132,16993.0,16677.323,5.861,1634.0,1617.742,0.0,4479.0,4412.935,1.905,13285.0,13063.516,7.679,2397.0,2324.387,0.0,25616.0,25309.645,11.422,2697.0,2655.097,0.0,6910.0,6680.516,2.909 
SCA S2-ELIT_SINU,49053.0,46605.419,9.999,9147.0,8942.323,0.0,96188.0,90429.774,13.05,11183.0,10892.226,0.489,27665.0,26207.032,4.131,8706.0,8586.774,3.822,1512.0,1501.903,0.132,16840.0,16678.774,6.709,1633.0,1619.0,0.061,4533.0,4409.806,0.723,13287.0,13051.581,7.665,2396.0,2316.71,0.042,25915.0,25287.871,10.388,2695.0,2641.065,0.074,6796.0,6656.484,4.51 
SCA S2-ELIT_TENT,49839.0,46487.742,8.557,9147.0,8872.839,0.0,95551.0,91256.774,13.626,11227.0,10868.484,0.098,27248.0,26044.806,5.576,8720.0,8586.871,3.668,1512.0,1498.323,0.132,17056.0,16724.581,5.512,1627.0,1613.806,0.428,4491.0,4409.097,1.643,13380.0,13053.387,7.019,2397.0,2326.645,0.0,26111.0,25325.871,9.71,2697.0,2648.839,0.0,7015.0,6654.484,1.433 
SCA S2-ELIT_CIRCLE,49340.0,47225.548,9.473,9147.0,8893.484,0.0,94775.0,90491.323,14.328,11238.0,10880.548,0.0,27270.0,26108.871,5.5,8808.0,8600.032,2.696,1512.0,1496.0,0.132,16972.0,16737.226,5.978,1627.0,1616.226,0.428,4483.0,4395.677,1.818,13390.0,12989.129,6.949,2390.0,2310.581,0.292,25816.0,25341.065,10.73,2697.0,2645.032,0.0,6903.0,6669.613,3.007 
